"habitat","position","substrate","shade","fishNotes","habitatExtra","substrateExtra","signal","lon","lat","trackedTime_EST","shift","river","tagID","source","airTemp","cloud","precip","startTime_EST","endTime_EST","isoID","streamNotes","isoTime_EST","downstreamGPS","downstreamGain","upstreamGPS","upstreamGain","totalDischarge","meanTemp","flowTime_EST"
"Riffle","Center",NA,"Fully shaded","","","Rock",NA,-72.4608993333321,42.3815693333326,"2024-08-20 09:10:00","day","AMETHYST",19,"iPad",68,"Cloudy","No rain","09:00","13:37","BUFF202408201044EST, AMTH202408201047EST, HARR202408200947EST","","09:47",NA,NA,NA,NA,21.7,17.305,NA
"Riffle","Center",NA,"Fully shaded","","","Rock",NA,-72.4608993333321,42.3815693333326,"2024-08-20 09:10:00","day","AMETHYST",19,"iPad",73,"Clear","No rain","09:00","13:57","BUFF202408231125EST, HARR202408231130EST, AMTH202408231150EST","","11:25",NA,NA,NA,NA,21.7,17.305,NA
"Riffle","Left",NA,"Fully shaded","","","Boulder",NA,-72.4601584999988,42.3811604999993,"2024-08-20 09:39:00","day","HARRIS",20,"iPad",68,"Cloudy","No rain","09:00","13:37","BUFF202408201044EST, AMTH202408201047EST, HARR202408200947EST","","09:47",NA,NA,NA,NA,13.48,18.68,"2024-08-20 09:56:27"
"Riffle","Left",NA,"Fully shaded","","","Boulder",NA,-72.4601584999988,42.3811604999993,"2024-08-20 09:39:00","day","HARRIS",20,"iPad",68,"Cloudy","No rain","09:00","13:37","BUFF202408201044EST, AMTH202408201047EST, HARR202408200947EST","","09:47",NA,NA,NA,NA,3.87,18.15,"2024-08-23 13:17:11"
"Riffle","Left",NA,"Fully shaded","","","Boulder",NA,-72.4601584999988,42.3811604999993,"2024-08-20 09:39:00","day","HARRIS",20,"iPad",73,"Clear","No rain","09:00","13:57","BUFF202408231125EST, HARR202408231130EST, AMTH202408231150EST","","11:25",NA,NA,NA,NA,13.48,18.68,"2024-08-20 09:56:27"
"Riffle","Left",NA,"Fully shaded","","","Boulder",NA,-72.4601584999988,42.3811604999993,"2024-08-20 09:39:00","day","HARRIS",20,"iPad",73,"Clear","No rain","09:00","13:57","BUFF202408231125EST, HARR202408231130EST, AMTH202408231150EST","","11:25",NA,NA,NA,NA,3.87,18.15,"2024-08-23 13:17:11"
"Riffle","Right",NA,"Fully shaded","","","Rock,Sand",NA,-72.4599993333321,42.3812629999993,"2024-08-20 09:54:00","day","BUFFAM",14,"iPad",68,"Cloudy","No rain","09:00","13:37","BUFF202408201044EST, AMTH202408201047EST, HARR202408200947EST","","09:47",NA,NA,NA,NA,3.53,16.5,"2024-08-20 11:41:46"
"Riffle","Right",NA,"Fully shaded","","","Rock,Sand",NA,-72.4599993333321,42.3812629999993,"2024-08-20 09:54:00","day","BUFFAM",14,"iPad",68,"Cloudy","No rain","09:00","13:37","BUFF202408201044EST, AMTH202408201047EST, HARR202408200947EST","","09:47",NA,NA,NA,NA,0.82,15.89,"2024-08-23 13:38:55"
"Riffle","Right",NA,"Fully shaded","","","Rock,Sand",NA,-72.4599993333321,42.3812629999993,"2024-08-20 09:54:00","day","BUFFAM",14,"iPad",73,"Clear","No rain","09:00","13:57","BUFF202408231125EST, HARR202408231130EST, AMTH202408231150EST","","11:25",NA,NA,NA,NA,3.53,16.5,"2024-08-20 11:41:46"
"Riffle","Right",NA,"Fully shaded","","","Rock,Sand",NA,-72.4599993333321,42.3812629999993,"2024-08-20 09:54:00","day","BUFFAM",14,"iPad",73,"Clear","No rain","09:00","13:57","BUFF202408231125EST, HARR202408231130EST, AMTH202408231150EST","","11:25",NA,NA,NA,NA,0.82,15.89,"2024-08-23 13:38:55"
"Riffle","Center",NA,"Fully shaded","","","Rock,Boulder,Granule",NA,-72.4599296666654,42.3812421666659,"2024-08-20 10:40:00","day","BUFFAM",18,"iPad",68,"Cloudy","No rain","09:00","13:37","BUFF202408201044EST, AMTH202408201047EST, HARR202408200947EST","","09:47",NA,NA,NA,NA,3.53,16.5,"2024-08-20 11:41:46"
"Riffle","Center",NA,"Fully shaded","","","Rock,Boulder,Granule",NA,-72.4599296666654,42.3812421666659,"2024-08-20 10:40:00","day","BUFFAM",18,"iPad",68,"Cloudy","No rain","09:00","13:37","BUFF202408201044EST, AMTH202408201047EST, HARR202408200947EST","","09:47",NA,NA,NA,NA,0.82,15.89,"2024-08-23 13:38:55"
"Riffle","Center",NA,"Fully shaded","","","Rock,Boulder,Granule",NA,-72.4599296666654,42.3812421666659,"2024-08-20 10:40:00","day","BUFFAM",18,"iPad",73,"Clear","No rain","09:00","13:57","BUFF202408231125EST, HARR202408231130EST, AMTH202408231150EST","","11:25",NA,NA,NA,NA,3.53,16.5,"2024-08-20 11:41:46"
"Riffle","Center",NA,"Fully shaded","","","Rock,Boulder,Granule",NA,-72.4599296666654,42.3812421666659,"2024-08-20 10:40:00","day","BUFFAM",18,"iPad",73,"Clear","No rain","09:00","13:57","BUFF202408231125EST, HARR202408231130EST, AMTH202408231150EST","","11:25",NA,NA,NA,NA,0.82,15.89,"2024-08-23 13:38:55"
"Riffle","Left",NA,"Fully shaded","","Woody_debris","Boulder,Rock",NA,-72.4578389999988,42.3806204999993,"2024-08-20 11:03:00","day","HARRIS",62,"iPad",68,"Cloudy","No rain","09:00","13:37","BUFF202408201044EST, AMTH202408201047EST, HARR202408200947EST","","09:47",NA,NA,NA,NA,13.48,18.68,"2024-08-20 09:56:27"
"Riffle","Left",NA,"Fully shaded","","Woody_debris","Boulder,Rock",NA,-72.4578389999988,42.3806204999993,"2024-08-20 11:03:00","day","HARRIS",62,"iPad",68,"Cloudy","No rain","09:00","13:37","BUFF202408201044EST, AMTH202408201047EST, HARR202408200947EST","","09:47",NA,NA,NA,NA,3.87,18.15,"2024-08-23 13:17:11"
"Riffle","Left",NA,"Fully shaded","","Woody_debris","Boulder,Rock",NA,-72.4578389999988,42.3806204999993,"2024-08-20 11:03:00","day","HARRIS",62,"iPad",73,"Clear","No rain","09:00","13:57","BUFF202408231125EST, HARR202408231130EST, AMTH202408231150EST","","11:25",NA,NA,NA,NA,13.48,18.68,"2024-08-20 09:56:27"
"Riffle","Left",NA,"Fully shaded","","Woody_debris","Boulder,Rock",NA,-72.4578389999988,42.3806204999993,"2024-08-20 11:03:00","day","HARRIS",62,"iPad",73,"Clear","No rain","09:00","13:57","BUFF202408231125EST, HARR202408231130EST, AMTH202408231150EST","","11:25",NA,NA,NA,NA,3.87,18.15,"2024-08-23 13:17:11"
"Run","Center",NA,"Fully shaded","Recollected alive","","Rock,Sand",NA,-72.4585646666655,42.3820621666659,"2024-08-20 11:41:00","day","BUFFAM",60,"iPad",68,"Cloudy","No rain","09:00","13:37","BUFF202408201044EST, AMTH202408201047EST, HARR202408200947EST","","09:47",NA,NA,NA,NA,3.53,16.5,"2024-08-20 11:41:46"
"Run","Center",NA,"Fully shaded","Recollected alive","","Rock,Sand",NA,-72.4585646666655,42.3820621666659,"2024-08-20 11:41:00","day","BUFFAM",60,"iPad",68,"Cloudy","No rain","09:00","13:37","BUFF202408201044EST, AMTH202408201047EST, HARR202408200947EST","","09:47",NA,NA,NA,NA,0.82,15.89,"2024-08-23 13:38:55"
"Run","Center",NA,"Fully shaded","Recollected alive","","Rock,Sand",NA,-72.4585646666655,42.3820621666659,"2024-08-20 11:41:00","day","BUFFAM",60,"iPad",73,"Clear","No rain","09:00","13:57","BUFF202408231125EST, HARR202408231130EST, AMTH202408231150EST","","11:25",NA,NA,NA,NA,3.53,16.5,"2024-08-20 11:41:46"
"Run","Center",NA,"Fully shaded","Recollected alive","","Rock,Sand",NA,-72.4585646666655,42.3820621666659,"2024-08-20 11:41:00","day","BUFFAM",60,"iPad",73,"Clear","No rain","09:00","13:57","BUFF202408231125EST, HARR202408231130EST, AMTH202408231150EST","","11:25",NA,NA,NA,NA,0.82,15.89,"2024-08-23 13:38:55"
"Riffle","Center",NA,"Mostly shaded","Recollected alive","Woody_debris","Pebble,Rock",NA,-72.3263818333333,42.4454111666667,"2024-08-21 08:30:00","day","UNDERHILL",33,"iPad",63,"Clear","No rain","08:25","13:00","UNDH202408210929EST","Day of fish collection ","09:29",NA,NA,NA,NA,1.21,15.01,"2024-08-21 09:25:52"
"Riffle","Center",NA,"Fully shaded","Suspected dead, unable to successfully electrofish ","","Pebble,Rock",NA,-72.3273426666667,42.4453158333333,"2024-08-21 09:12:00","day","UNDERHILL",45,"iPad",63,"Clear","No rain","08:25","13:00","UNDH202408210929EST","Day of fish collection ","09:29",NA,NA,NA,NA,1.21,15.01,"2024-08-21 09:25:52"
"Run","Center",NA,"Mostly shaded","","","Sand,Rock",NA,-72.3279893333333,42.4450186666667,"2024-08-21 09:32:00","day","UNDERHILL",44,"iPad",63,"Clear","No rain","08:25","13:00","UNDH202408210929EST","Day of fish collection ","09:29",NA,NA,NA,NA,1.21,15.01,"2024-08-21 09:25:52"
"Pool","Center",NA,"Fully shaded","","","Boulder,Rock,Sand",NA,-72.329601,42.4437671666667,"2024-08-21 09:50:00","day","UNDERHILL",35,"iPad",63,"Clear","No rain","08:25","13:00","UNDH202408210929EST","Day of fish collection ","09:29",NA,NA,NA,NA,1.21,15.01,"2024-08-21 09:25:52"
"Run","Right",NA,"Fully shaded","Receiver shows it at the tip of this rock. Probably dead.","","Sand,Rock",NA,-72.3273765,42.4451916666667,"2024-08-21 11:04:00","day","UNDERHILL",45,"iPad",63,"Clear","No rain","08:25","13:00","UNDH202408210929EST","Day of fish collection ","09:29",NA,NA,NA,NA,1.21,15.01,"2024-08-21 09:25:52"
"Riffle","Center",NA,"Mostly shaded","Recollected alive","","Rock,Sand",NA,-72.3258806666667,42.4453628333333,"2024-08-21 10:30:00","day","UNDERHILL",43,"iPad",63,"Clear","No rain","08:25","13:00","UNDH202408210929EST","Day of fish collection ","09:29",NA,NA,NA,NA,1.21,15.01,"2024-08-21 09:25:52"
"Pool","Right",NA,"Fully shaded","We pulled a ton of fish none were fish 54. Found tag at bottom of stream","Root_bundle,Woody_debris","Sand,Rock,Pebble",NA,-72.5040488333333,42.6661825,"2024-08-22 08:28:00","day","DRY UPPER",54,"iPad",60,"Clear","No rain","07:55","16:30","DRYU202408220918EST","","09:18",NA,NA,NA,NA,NA,NA,NA
"Pool","Center",NA,"Fully shaded","Recollected alive","","Rock,Mud,Granule",NA,-72.5044953333333,42.6676285,"2024-08-22 08:59:00","day","DRY UPPER",16,"iPad",60,"Clear","No rain","07:55","16:30","DRYU202408220918EST","","09:18",NA,NA,NA,NA,NA,NA,NA
"Pool","Left",NA,"Fully shaded","Recollected alive","Undercut_bank","Pebble,Rock",NA,-72.504683,42.6680951666667,"2024-08-22 09:13:00","day","DRY UPPER",21,"iPad",60,"Clear","No rain","07:55","16:30","DRYU202408220918EST","","09:18",NA,NA,NA,NA,NA,NA,NA
"Pool","Left",NA,"Fully shaded","Recollected alive","Root_bundle,Woody_debris","Mud",NA,-72.5050878333333,42.6681738333333,"2024-08-22 09:42:00","day","DRY UPPER",30.1,"iPad",60,"Clear","No rain","07:55","16:30","DRYU202408220918EST","","09:18",NA,NA,NA,NA,NA,NA,NA
"Pool","Center",NA,"Fully shaded","Found tag at bottom of brook","Woody_debris","Mud",NA,-72.5059736666666,42.6684053333333,"2024-08-22 10:19:00","day","DRY UPPER",29.1,"iPad",60,"Clear","No rain","07:55","16:30","DRYU202408220918EST","","09:18",NA,NA,NA,NA,NA,NA,NA
"Pool","Right",NA,"Mostly shaded","Tag not reading on site, most likely 39.1.","Undercut_bank,Woody_debris","Rock,Sand,Pebble",NA,-72.5067536666667,42.6682053333333,"2024-08-22 11:45:00","day","DRY UPPER",39.1,"iPad",60,"Clear","No rain","07:55","16:30","DRYU202408220918EST","","09:18",NA,NA,NA,NA,NA,NA,NA
"Riffle","Left",NA,"Mostly shaded","Recovered tag, found at the bottom of the stream","","Rock,Pebble,Granule",NA,-72.4576918333321,42.3805959999993,"2024-08-23 10:50:00","day","HARRIS",62,"iPad",68,"Cloudy","No rain","09:00","13:37","BUFF202408201044EST, AMTH202408201047EST, HARR202408200947EST","","09:47",NA,NA,NA,NA,13.48,18.68,"2024-08-20 09:56:27"
"Riffle","Left",NA,"Mostly shaded","Recovered tag, found at the bottom of the stream","","Rock,Pebble,Granule",NA,-72.4576918333321,42.3805959999993,"2024-08-23 10:50:00","day","HARRIS",62,"iPad",68,"Cloudy","No rain","09:00","13:37","BUFF202408201044EST, AMTH202408201047EST, HARR202408200947EST","","09:47",NA,NA,NA,NA,3.87,18.15,"2024-08-23 13:17:11"
"Riffle","Left",NA,"Mostly shaded","Recovered tag, found at the bottom of the stream","","Rock,Pebble,Granule",NA,-72.4576918333321,42.3805959999993,"2024-08-23 10:50:00","day","HARRIS",62,"iPad",73,"Clear","No rain","09:00","13:57","BUFF202408231125EST, HARR202408231130EST, AMTH202408231150EST","","11:25",NA,NA,NA,NA,13.48,18.68,"2024-08-20 09:56:27"
"Riffle","Left",NA,"Mostly shaded","Recovered tag, found at the bottom of the stream","","Rock,Pebble,Granule",NA,-72.4576918333321,42.3805959999993,"2024-08-23 10:50:00","day","HARRIS",62,"iPad",73,"Clear","No rain","09:00","13:57","BUFF202408231125EST, HARR202408231130EST, AMTH202408231150EST","","11:25",NA,NA,NA,NA,3.87,18.15,"2024-08-23 13:17:11"
"Pool","Center",NA,"Mostly shaded","Recovered tag, found at the bottom of the stream. Recovered without temp tag, spent time looking but unable to find it","Woody_debris","Rock,Boulder,Pebble,Granule",NA,-72.4603591666654,42.3813973333326,"2024-08-23 11:35:00","day","HARRIS",20,"iPad",68,"Cloudy","No rain","09:00","13:37","BUFF202408201044EST, AMTH202408201047EST, HARR202408200947EST","","09:47",NA,NA,NA,NA,13.48,18.68,"2024-08-20 09:56:27"
"Pool","Center",NA,"Mostly shaded","Recovered tag, found at the bottom of the stream. Recovered without temp tag, spent time looking but unable to find it","Woody_debris","Rock,Boulder,Pebble,Granule",NA,-72.4603591666654,42.3813973333326,"2024-08-23 11:35:00","day","HARRIS",20,"iPad",68,"Cloudy","No rain","09:00","13:37","BUFF202408201044EST, AMTH202408201047EST, HARR202408200947EST","","09:47",NA,NA,NA,NA,3.87,18.15,"2024-08-23 13:17:11"
"Pool","Center",NA,"Mostly shaded","Recovered tag, found at the bottom of the stream. Recovered without temp tag, spent time looking but unable to find it","Woody_debris","Rock,Boulder,Pebble,Granule",NA,-72.4603591666654,42.3813973333326,"2024-08-23 11:35:00","day","HARRIS",20,"iPad",73,"Clear","No rain","09:00","13:57","BUFF202408231125EST, HARR202408231130EST, AMTH202408231150EST","","11:25",NA,NA,NA,NA,13.48,18.68,"2024-08-20 09:56:27"
"Pool","Center",NA,"Mostly shaded","Recovered tag, found at the bottom of the stream. Recovered without temp tag, spent time looking but unable to find it","Woody_debris","Rock,Boulder,Pebble,Granule",NA,-72.4603591666654,42.3813973333326,"2024-08-23 11:35:00","day","HARRIS",20,"iPad",73,"Clear","No rain","09:00","13:57","BUFF202408231125EST, HARR202408231130EST, AMTH202408231150EST","","11:25",NA,NA,NA,NA,3.87,18.15,"2024-08-23 13:17:11"
"Pool","Right",NA,"Fully shaded","Scarring indicative of a tagged fish. Based off location it is presumed to be fish 61. No tag found inside the fish.","","Sand,Boulder",NA,-72.4632686666654,42.3795644999993,"2024-08-23 12:03:00","day","AMETHYST",61,"iPad",68,"Cloudy","No rain","09:00","13:37","BUFF202408201044EST, AMTH202408201047EST, HARR202408200947EST","","09:47",NA,NA,NA,NA,21.7,17.305,NA
"Pool","Right",NA,"Fully shaded","Scarring indicative of a tagged fish. Based off location it is presumed to be fish 61. No tag found inside the fish.","","Sand,Boulder",NA,-72.4632686666654,42.3795644999993,"2024-08-23 12:03:00","day","AMETHYST",61,"iPad",73,"Clear","No rain","09:00","13:57","BUFF202408231125EST, HARR202408231130EST, AMTH202408231150EST","","11:25",NA,NA,NA,NA,21.7,17.305,NA
"Riffle","Center",NA,"Mostly shaded","Recovered tag found at bottom of stream, buried in rocks. Part way through search tag stopped working, found with ripped antenna.","","Boulder,Rock,Pebble,Granule",NA,-72.4609618333321,42.3815154999993,"2024-08-23 12:28:00","day","AMETHYST",19,"iPad",68,"Cloudy","No rain","09:00","13:37","BUFF202408201044EST, AMTH202408201047EST, HARR202408200947EST","","09:47",NA,NA,NA,NA,21.7,17.305,NA
"Riffle","Center",NA,"Mostly shaded","Recovered tag found at bottom of stream, buried in rocks. Part way through search tag stopped working, found with ripped antenna.","","Boulder,Rock,Pebble,Granule",NA,-72.4609618333321,42.3815154999993,"2024-08-23 12:28:00","day","AMETHYST",19,"iPad",73,"Clear","No rain","09:00","13:57","BUFF202408231125EST, HARR202408231130EST, AMTH202408231150EST","","11:25",NA,NA,NA,NA,21.7,17.305,NA
"Pool","Right",NA,"Mostly shaded","No tag found, highly suspected to not be a live fish.","","Sand,Rock,Pebble,Granule",NA,-72.4599024999988,42.3812738333326,"2024-08-23 13:18:00","day","BUFFAM",14,"iPad",68,"Cloudy","No rain","09:00","13:37","BUFF202408201044EST, AMTH202408201047EST, HARR202408200947EST","","09:47",NA,NA,NA,NA,3.53,16.5,"2024-08-20 11:41:46"
"Pool","Right",NA,"Mostly shaded","No tag found, highly suspected to not be a live fish.","","Sand,Rock,Pebble,Granule",NA,-72.4599024999988,42.3812738333326,"2024-08-23 13:18:00","day","BUFFAM",14,"iPad",68,"Cloudy","No rain","09:00","13:37","BUFF202408201044EST, AMTH202408201047EST, HARR202408200947EST","","09:47",NA,NA,NA,NA,0.82,15.89,"2024-08-23 13:38:55"
"Pool","Right",NA,"Mostly shaded","No tag found, highly suspected to not be a live fish.","","Sand,Rock,Pebble,Granule",NA,-72.4599024999988,42.3812738333326,"2024-08-23 13:18:00","day","BUFFAM",14,"iPad",73,"Clear","No rain","09:00","13:57","BUFF202408231125EST, HARR202408231130EST, AMTH202408231150EST","","11:25",NA,NA,NA,NA,3.53,16.5,"2024-08-20 11:41:46"
"Pool","Right",NA,"Mostly shaded","No tag found, highly suspected to not be a live fish.","","Sand,Rock,Pebble,Granule",NA,-72.4599024999988,42.3812738333326,"2024-08-23 13:18:00","day","BUFFAM",14,"iPad",73,"Clear","No rain","09:00","13:57","BUFF202408231125EST, HARR202408231130EST, AMTH202408231150EST","","11:25",NA,NA,NA,NA,0.82,15.89,"2024-08-23 13:38:55"
"Run","Center",NA,"Mostly shaded","Unable to recover tag even with digging, highly suspected to be just a tag/dead fish","","Boulder,Rock",NA,-72.4598764999988,42.381251666666,"2024-08-23 13:19:00","day","BUFFAM",18,"iPad",68,"Cloudy","No rain","09:00","13:37","BUFF202408201044EST, AMTH202408201047EST, HARR202408200947EST","","09:47",NA,NA,NA,NA,3.53,16.5,"2024-08-20 11:41:46"
"Run","Center",NA,"Mostly shaded","Unable to recover tag even with digging, highly suspected to be just a tag/dead fish","","Boulder,Rock",NA,-72.4598764999988,42.381251666666,"2024-08-23 13:19:00","day","BUFFAM",18,"iPad",68,"Cloudy","No rain","09:00","13:37","BUFF202408201044EST, AMTH202408201047EST, HARR202408200947EST","","09:47",NA,NA,NA,NA,0.82,15.89,"2024-08-23 13:38:55"
"Run","Center",NA,"Mostly shaded","Unable to recover tag even with digging, highly suspected to be just a tag/dead fish","","Boulder,Rock",NA,-72.4598764999988,42.381251666666,"2024-08-23 13:19:00","day","BUFFAM",18,"iPad",73,"Clear","No rain","09:00","13:57","BUFF202408231125EST, HARR202408231130EST, AMTH202408231150EST","","11:25",NA,NA,NA,NA,3.53,16.5,"2024-08-20 11:41:46"
"Run","Center",NA,"Mostly shaded","Unable to recover tag even with digging, highly suspected to be just a tag/dead fish","","Boulder,Rock",NA,-72.4598764999988,42.381251666666,"2024-08-23 13:19:00","day","BUFFAM",18,"iPad",73,"Clear","No rain","09:00","13:57","BUFF202408231125EST, HARR202408231130EST, AMTH202408231150EST","","11:25",NA,NA,NA,NA,0.82,15.89,"2024-08-23 13:38:55"
